customer_id,name
1,Customer_1
2,Customer_2
3,Customer_3
4,Customer_4
5,Customer_5
6,Customer_6
7,Customer_7
8,Customer_8
9,Customer_9
10,Customer_10
11,Customer_11
12,Customer_12
13,Customer_13
14,Customer_14
15,Customer_15
16,Customer_16
17,Customer_17
18,Customer_18
19,Customer_19
20,Customer_20
21,Customer_21
22,Customer_22
23,Customer_23
24,Customer_24
25,Customer_25
26,Customer_26
27,Customer_27
28,Customer_28
29,Customer_29
30,Customer_30
31,Customer_31
32,Customer_32
33,Customer_33
34,Customer_34
35,Customer_35
36,Customer_36
37,Customer_37
38,Customer_38
39,Customer_39
40,Customer_40
41,Customer_41
42,Customer_42
43,Customer_43
44,Customer_44
45,Customer_45
46,Customer_46
47,Customer_47
48,Customer_48
49,Customer_49
50,Customer_50
51,Customer_51
52,Customer_52
53,Customer_53
54,Customer_54
55,Customer_55
56,Customer_56
57,Customer_57
58,Customer_58
59,Customer_59
60,Customer_60
61,Customer_61
62,Customer_62
63,Customer_63
64,Customer_64
65,Customer_65
66,Customer_66
67,Customer_67
68,Customer_68
69,Customer_69
70,Customer_70
71,Customer_71
72,Customer_72
73,Customer_73
74,Customer_74
75,Customer_75
76,Customer_76
77,Customer_77
78,Customer_78
79,Customer_79
80,Customer_80
81,Customer_81
82,Customer_82
83,Customer_83
84,Customer_84
85,Customer_85
86,Customer_86
87,Customer_87
88,Customer_88
89,Customer_89
90,Customer_90
91,Customer_91
92,Customer_92
93,Customer_93
94,Customer_94
95,Customer_95
96,Customer_96
97,Customer_97
98,Customer_98
99,Customer_99
100,Customer_100
